{"cameraMode":{"drawMode":0,"name":"Shaded","section":"Shading Mode"},"sceneLighting":true,"audioPlay":false,"sceneViewState":{"showFog":true,"showMaterialUpdate":false,"showSkybox":true,"showFlares":true,"showImageEffects":true,"showParticleSystems":true},"in2DMode":false,"pivot":{"x":476.3476257324219,"y":21.7176570892334,"z":412.508056640625},"rotation":{"x":0.1758771538734436,"y":0.4461255669593811,"z":-0.08989161252975464,"w":0.8729124665260315},"size":13.92186164855957,"orthographic":false}